<?xml version="1.0"?>
<game_state>
	<window />
	<input />
	<textures />
	<audio />
	<:anonymous />
	<scene />
	<:anonymous />
	<:anonymous />
	<map />
	<player>
		<player x="2384" y="2817.72974" />
		<map num="1" />
	</player>
	<entities>
		<Fly_Enemies>
			<Fly_Enemy>
				<position x="595" y="2672" />
				<initial_position x="595" y="2672" />
			</Fly_Enemy>
			<Fly_Enemy>
				<position x="1959" y="2638" />
				<initial_position x="1959" y="2638" />
			</Fly_Enemy>
			<Fly_Enemy>
				<position x="1845" y="1404" />
				<initial_position x="1845" y="1404" />
			</Fly_Enemy>
			<Fly_Enemy>
				<position x="773" y="488" />
				<initial_position x="773" y="488" />
			</Fly_Enemy>
			<Fly_Enemy>
				<position x="1793" y="422" />
				<initial_position x="1793" y="422" />
			</Fly_Enemy>
			<Fly_Enemy>
				<position x="0" y="2316" />
				<initial_position x="595" y="2672" />
			</Fly_Enemy>
		</Fly_Enemies>
	</entities>
	<map />
	<pathfinding />
	<:anonymous />
	<renderer>
		<camera x="-1888" y="-2480" />
	</renderer>
</game_state>
